{
  "USA": {
    "region": "USA",
    "Delta": 0.0,
    "XBB": 65.13,
    "Omicron_other": 34.269999999999996
  },
  "01": {
    "region": "1",
    "Delta": 0.0,
    "XBB": 91.25,
    "Omicron_other": 8.75
  },
  "02": {
    "region": "2",
    "Delta": 0.0,
    "XBB": 87.93,
    "Omicron_other": 11.97
  },
  "03": {
    "region": "3",
    "Delta": 0.0,
    "XBB": 80.05,
    "Omicron_other": 19.669999999999998
  },
  "04": {
    "region": "4",
    "Delta": 0.0,
    "XBB": 60.44,
    "Omicron_other": 38.839999999999996
  },
  "05": {
    "region": "5",
    "Delta": 0.0,
    "XBB": 57.980000000000004,
    "Omicron_other": 40.71
  },
  "06": {
    "region": "6",
    "Delta": 0.0,
    "XBB": 53.71,
    "Omicron_other": 46.28
  },
  "07": {
    "region": "7",
    "Delta": 0.0,
    "XBB": 56.36,
    "Omicron_other": 42.96999999999999
  },
  "08": {
    "region": "8",
    "Delta": 0.0,
    "XBB": 64.09,
    "Omicron_other": 34.120000000000005
  },
  "09": {
    "region": "9",
    "Delta": 0.0,
    "XBB": 57.17,
    "Omicron_other": 42.14
  },
  "10": {
    "region": "10",
    "Delta": 0.0,
    "XBB": 34.55,
    "Omicron_other": 64.80999999999999
  }
}