{
  "USA": {
    "region": "USA",
    "Delta": 0.0,
    "XBB": 79.22999999999999,
    "Omicron_other": 19.37
  },
  "01": {
    "region": "1",
    "Delta": 0.0,
    "XBB": 90.94,
    "Omicron_other": 7.300000000000001
  },
  "02": {
    "region": "2",
    "Delta": 0.0,
    "XBB": 89.4,
    "Omicron_other": 8.85
  },
  "03": {
    "region": "3",
    "Delta": 0.0,
    "XBB": 87.83,
    "Omicron_other": 9.77
  },
  "04": {
    "region": "4",
    "Delta": 0.0,
    "XBB": 77.11999999999999,
    "Omicron_other": 21.08
  },
  "05": {
    "region": "5",
    "Delta": 0.0,
    "XBB": 76.34,
    "Omicron_other": 22.430000000000003
  },
  "06": {
    "region": "6",
    "Delta": 0.0,
    "XBB": 76.63000000000001,
    "Omicron_other": 23.08
  },
  "07": {
    "region": "7",
    "Delta": 0.0,
    "XBB": 78.89,
    "Omicron_other": 19.58
  },
  "08": {
    "region": "8",
    "Delta": 0.0,
    "XBB": 78.85,
    "Omicron_other": 20.87
  },
  "09": {
    "region": "9",
    "Delta": 0.0,
    "XBB": 75.54,
    "Omicron_other": 23.82
  },
  "10": {
    "region": "10",
    "Delta": 0.0,
    "XBB": 58.46,
    "Omicron_other": 40.36
  }
}