{
    "cvi_index": {
        "low20": {
            "casesdailymean7R": 29.075896665419354,
            "deathsdailymean7R": 0.1395656917419355,
            "casescum14dayR": 408.41829689032255,
            "deathscum14dayR": 2.9584822123548387,
            "county_list": [
                "117",
                "113",
                "219",
                "053",
                "223",
                "047",
                "059",
                "085",
                "073",
                "067",
                "291",
                "057",
                "103",
                "077",
                "231",
                "139",
                "135",
                "245",
                "083",
                "151",
                "187",
                "311",
                "145",
                "227",
                "121",
                "133",
                "185",
                "029",
                "031",
                "013",
                "175"
            ]
        },
        "Q2": {
            "casesdailymean7R": 19.035486352129034,
            "deathsdailymean7R": 0.09341297329032258,
            "casescum14dayR": 304.55643772580646,
            "deathscum14dayR": 3.951089233580646,
            "county_list": [
                "039",
                "295",
                "089",
                "237",
                "051",
                "169",
                "025",
                "297",
                "111",
                "299",
                "281",
                "009",
                "127",
                "011",
                "277",
                "213",
                "257",
                "313",
                "171",
                "015",
                "101",
                "215",
                "143",
                "137",
                "293",
                "249",
                "097",
                "115",
                "129",
                "157",
                "211"
            ]
        },
        "Q3": {
            "casesdailymean7R": 16.31784733103226,
            "deathsdailymean7R": 0.2712272741612903,
            "casescum14dayR": 286.66034049225806,
            "deathscum14dayR": 7.526889489096773,
            "county_list": [
                "177",
                "149",
                "247",
                "021",
                "229",
                "195",
                "179",
                "017",
                "023",
                "019",
                "241",
                "221",
                "035",
                "095",
                "153",
                "033",
                "305",
                "125",
                "191",
                "207",
                "285",
                "079",
                "197",
                "147",
                "235",
                "201",
                "233",
                "173",
                "217",
                "159",
                "275"
            ]
        },
        "Q4": {
            "casesdailymean7R": 20.490860681129032,
            "deathsdailymean7R": 0.1968349909677419,
            "casescum14dayR": 327.0464959580645,
            "deathscum14dayR": 5.679277569290322,
            "county_list": [
                "183",
                "255",
                "045",
                "091",
                "301",
                "055",
                "123",
                "049",
                "309",
                "225",
                "181",
                "321",
                "253",
                "005",
                "071",
                "161",
                "209",
                "087",
                "063",
                "001",
                "119",
                "155",
                "105",
                "271",
                "317",
                "069",
                "315",
                "189",
                "199",
                "081",
                "141"
            ]
        },
        "high20": {
            "casesdailymean7R": 24.970700003571434,
            "deathsdailymean7R": 0.18480773679999998,
            "casescum14dayR": 360.5927244960001,
            "deathscum14dayR": 6.482456094485715,
            "county_list": [
                "289",
                "107",
                "267",
                "027",
                "307",
                "007",
                "263",
                "319",
                "131",
                "099",
                "167",
                "261",
                "251",
                "279",
                "075",
                "283",
                "193",
                "303",
                "037",
                "205",
                "003",
                "109",
                "043",
                "165",
                "273",
                "163",
                "269",
                "265",
                "093",
                "259",
                "065",
                "243",
                "287",
                "239",
                "061"
            ]
        }
    },
    "s_index": {
        "low20": {
            "casesdailymean7R": 20.656202441235298,
            "deathsdailymean7R": 0.19257091985294117,
            "county_list": [
                "265",
                "125",
                "083",
                "239",
                "241",
                "061",
                "111",
                "281",
                "291",
                "183",
                "307",
                "093",
                "309",
                "221",
                "219",
                "085",
                "319",
                "301",
                "091",
                "165",
                "177",
                "259",
                "251",
                "303",
                "271",
                "269",
                "075",
                "009",
                "197",
                "249",
                "235",
                "181",
                "145",
                "289"
            ]
        },
        "Q2": {
            "casesdailymean7R": 20.338176836857144,
            "deathsdailymean7R": 0.20466336310714286,
            "county_list": [
                "263",
                "039",
                "173",
                "199",
                "043",
                "163",
                "279",
                "007",
                "321",
                "149",
                "153",
                "065",
                "081",
                "037",
                "003",
                "233",
                "315",
                "243",
                "029",
                "317",
                "017",
                "033",
                "105",
                "179",
                "195",
                "247",
                "141",
                "229"
            ]
        },
        "Q3": {
            "casesdailymean7R": 21.375343828621624,
            "deathsdailymean7R": 0.08754721532432434,
            "county_list": [
                "131",
                "159",
                "107",
                "005",
                "045",
                "047",
                "073",
                "231",
                "223",
                "261",
                "169",
                "099",
                "059",
                "267",
                "295",
                "103",
                "147",
                "143",
                "097",
                "109",
                "101",
                "207",
                "063",
                "069",
                "023",
                "135",
                "057",
                "137",
                "217",
                "157",
                "119",
                "049",
                "031",
                "027",
                "155",
                "171",
                "025"
            ]
        },
        "Q4": {
            "casesdailymean7R": 27.089913084111117,